postalcode,placename,stateabbreviation,county,
62914,cairo,il,alexander,
62963,mound city,il,pulaski,
62962,miller city,il,alexander,
62964,mounds,il,pulaski,
62913,cache,il,alexander,
62993,unity,il,alexander,
62910,brookport,il,massac,
62996,villa ridge,il,pulaski,
62969,olive branch,il,alexander,
62960,metropolis,il,massac,
62970,olmsted,il,pulaski,
62953,joppa,il,massac,
62976,pulaski,il,pulaski,
62990,thebes,il,alexander,
62988,tamms,il,alexander,
62941,grand chain,il,pulaski,
62992,ullin,il,pulaski,
62956,karnak,il,pulaski,
62929,elco,il,,
62957,mc clure,il,alexander,
62973,perks,il,pulaski,
62908,belknap,il,johnson,
62944,hamletsburg,il,pope,
62961,millcreek,il,union,
62938,golconda,il,pope,
62923,cypress,il,johnson,
62926,dongola,il,union,
62943,grantsburg,il,johnson,
62995,vienna,il,johnson,
62982,rosiclare,il,hardin,
62952,jonesboro,il,union,
62909,boles,il,johnson,
62985,simpson,il,johnson,
62912,buncombe,il,johnson,
62931,elizabethtown,il,hardin,
62906,anna,il,union,
62928,eddyville,il,pope,
62919,cave in rock,il,hardin,
62955,karbers ridge,il,hardin,
62998,wolf lake,il,union,
62972,ozark,il,johnson,
62920,cobden,il,union,
62947,herod,il,pope,
62905,alto pass,il,union,
62991,tunnel hill,il,johnson,
62939,goreville,il,johnson,
62967,new burnside,il,johnson,
62922,creal springs,il,williamson,
62942,grand tower,il,jackson,
62987,stonefort,il,saline,
62975,pomona,il,jackson,
62902,carbondale,il,jackson,
62903,carbondale,il,jackson,
62917,carrier mills,il,saline,
62958,makanda,il,jackson,
62954,junction,il,gallatin,
62984,shawneetown,il,gallatin,
62901,carbondale,il,jackson,
62946,harrisburg,il,saline,
62959,marion,il,williamson,
62934,equality,il,gallatin,
62940,gorham,il,jackson,
62950,jacob,il,jackson,
62971,oraville,il,jackson,
62966,murphysboro,il,jackson,
62933,energy,il,williamson,
62918,carterville,il,williamson,
62915,cambria,il,williamson,
62948,herrin,il,williamson,
62965,muddy,il,saline,
62841,freeman spur,il,williamson,
62979,ridgway,il,gallatin,
62974,pittsburg,il,williamson,
62921,colp,il,williamson,
62930,eldorado,il,saline,
62924,de soto,il,jackson,
62951,johnston city,il,williamson,
62977,raleigh,il,saline,
62935,galatia,il,saline,
62280,rockwood,il,randolph,
62949,hurst,il,williamson,
62983,royalton,il,franklin,
62907,ava,il,jackson,
62890,thompsonville,il,franklin,
62871,omaha,il,gallatin,
62896,west frankfort,il,franklin,
62999,zeigler,il,franklin,
62867,new haven,il,gallatin,
62994,vergennes,il,jackson,
62932,elkville,il,jackson,
62874,orient,il,franklin,
62233,chester,il,randolph,
62916,campbell hill,il,jackson,
62927,dowell,il,jackson,
62817,broughton,il,hamilton,
62865,mulkeytown,il,franklin,
62834,emma,il,white,
62819,buckner,il,franklin,
62869,norris city,il,white,
62997,willisville,il,perry,
62822,christopher,il,franklin,
62805,akin,il,franklin,
62840,frankfort heights,il,franklin,
62856,logan,il,franklin,
62825,coello,il,franklin,
62812,benton,il,franklin,
62241,ellis grove,il,randolph,
62288,steeleville,il,randolph,
62272,percy,il,randolph,
62860,macedonia,il,hamilton,
62259,menard,il,randolph,
62832,du quoin,il,perry,
62297,walsh,il,randolph,
62891,valier,il,franklin,
62861,maunie,il,white,
62238,cutler,il,perry,
62261,modoc,il,randolph,
62836,ewing,il,franklin,
62845,herald,il,white,
62821,carmi,il,white,
62829,dale,il,hamilton,
62897,whittington,il,franklin,
62884,sesser,il,franklin,
62274,pinckneyville,il,perry,
62242,evansville,il,randolph,
62835,enfield,il,white,
62859,mc leansboro,il,hamilton,
62277,prairie du rocher,il,randolph,
62286,sparta,il,randolph,
62888,tamaroa,il,perry,
62279,renault,il,monroe,
62846,ina,il,jefferson,
62866,nason,il,jefferson,
62827,crossville,il,white,
62887,springerton,il,white,
62883,scheller,il,jefferson,
62237,coulterville,il,randolph,
62217,baldwin,il,randolph,
62244,fults,il,monroe,
62278,red bud,il,randolph,
62828,dahlgren,il,hamilton,
62816,bonnie,il,jefferson,
62820,burnt prairie,il,white,
62292,tilden,il,randolph,
62810,belle rive,il,jefferson,
62862,mill shoals,il,white,
62257,marissa,il,st. clair,
62894,waltonville,il,jefferson,
62831,du bois,il,washington,
62268,oakdale,il,washington,
62876,radom,il,washington,
62844,grayville,il,white,
62872,opdyke,il,jefferson,
62809,barnhill,il,wayne,
62295,valmeyer,il,monroe,
62255,lenzburg,il,st. clair,
62256,maeystown,il,monroe,
62248,hecker,il,monroe,
62808,ashley,il,washington,
62264,new athens,il,st. clair,
62864,mount vernon,il,jefferson,
62298,waterloo,il,monroe,
62895,wayne city,il,wayne,
62263,nashville,il,washington,
62852,keensburg,il,wabash,
62814,bluford,il,jefferson,
62282,saint libory,il,st. clair,
62843,golden gate,il,wayne,
62833,ellery,il,edwards,
62851,keenes,il,wayne,
62806,albion,il,edwards,
62818,browns,il,edwards,
62837,fairfield,il,wayne,
62214,addieville,il,washington,
62898,woodlawn,il,jefferson,
62811,bellmont,il,wabash,
62886,sims,il,wayne,
62855,lancaster,il,wabash,
62243,freeburg,il,st. clair,
62877,richview,il,washington,
62863,mount carmel,il,wabash,
62285,smithton,il,st. clair,
62889,texico,il,jefferson,
62271,okawville,il,washington,
62236,columbia,il,monroe,
62830,dix,il,jefferson,
62848,irvington,il,washington,
62059,lovejoy,il,st. clair,
62222,belleville,il,st. clair,
62224,mascoutah,il,st. clair,
62842,geff,il,wayne,
62260,millstadt,il,st. clair,
62803,hoyleton,il,washington,
62815,bone gap,il,edwards,
62893,walnut hill,il,marion,
62258,mascoutah,il,st. clair,
62266,new memphis,il,clinton,
62220,belleville,il,st. clair,
62823,cisne,il,wayne,
62853,kell,il,marion,
62476,west salem,il,edwards,
62446,mount erie,il,wayne,
62410,allendale,il,wabash,
62801,centralia,il,marion,
62850,johnsonville,il,wayne,
62239,dupo,il,st. clair,
62265,new baden,il,clinton,
62215,albers,il,clinton,
62240,east carondelet,il,st. clair,
62226,belleville,il,st. clair,
62218,bartelso,il,clinton,
62221,belleville,il,st. clair,
62250,hoffman,il,clinton,
62225,scott air force base,il,st. clair,
62223,belleville,il,st. clair,
62245,germantown,il,clinton,
62206,east saint louis,il,st. clair,
62269,o fallon,il,st. clair,
62878,rinard,il,wayne,
62207,east saint louis,il,st. clair,
62452,parkersburg,il,richland,
62460,saint francisville,il,lawrence,
62208,fairview heights,il,st. clair,
62289,summerfield,il,st. clair,
62203,east saint louis,il,st. clair,
62252,huey,il,clinton,
62254,lebanon,il,st. clair,
62219,beckemeyer,il,clinton,
62231,carlyle,il,clinton,
62870,odin,il,marion,
62216,aviston,il,clinton,
62882,sandoval,il,marion,
62849,iuka,il,marion,
62205,east saint louis,il,st. clair,
62202,east saint louis,il,st. clair,
62230,breese,il,clinton,
62293,trenton,il,clinton,
62881,salem,il,marion,
62204,east saint louis,il,st. clair,
62232,caseyville,il,st. clair,
62419,calhoun,il,richland,
62201,east saint louis,il,st. clair,
62283,shattuc,il,clinton,
62071,national stock yards,il,st. clair,
62824,clay city,il,clay,
62899,xenia,il,clay,
62839,flora,il,clay,
62090,venice,il,madison,
62060,madison,il,madison,
62234,collinsville,il,madison,
62281,saint jacob,il,madison,
62417,bridgeport,il,lawrence,
62415,birds,il,lawrence,
62868,noble,il,richland,
62062,maryville,il,madison,
62466,sumner,il,lawrence,
62807,alma,il,marion,
62294,troy,il,madison,
62040,granite city,il,madison,
62439,lawrenceville,il,lawrence,
62450,olney,il,richland,
62026,edwardsville,il,madison,
62421,claremont,il,richland,
62875,patoka,il,marion,
62854,kinmundy,il,marion,
62847,iola,il,clay,
62879,sailor springs,il,clay,
62034,glen carbon,il,madison,
62249,highland,il,madison,
62858,louisville,il,clay,
62253,keyesport,il,clinton,
62061,marine,il,madison,
62275,pocahontas,il,bond,
62892,vernon,il,marion,
62025,edwardsville,il,madison,
62087,south roxana,il,madison,
62048,hartford,il,madison,
62434,ingraham,il,clay,
62425,dundas,il,richland,
62885,shobonier,il,fayette,
62838,farina,il,fayette,
62084,roxana,il,madison,
62095,wood river,il,madison,
62880,saint peter,il,fayette,
62284,smithboro,il,bond,
62024,east alton,il,madison,
62001,alhambra,il,madison,
62273,pierron,il,bond,
62046,hamel,il,madison,
62246,greenville,il,bond,
62475,west liberty,il,jasper,
62036,golden eagle,il,calhoun,
62426,edgewood,il,effingham,
62010,bethalto,il,madison,
62002,alton,il,madison,
62427,flat rock,il,crawford,
62018,cottage hills,il,madison,
62013,brussels,il,calhoun,
62459,sainte marie,il,jasper,
62262,mulberry grove,il,bond,
62067,moro,il,madison,
62471,vandalia,il,fayette,
62097,worden,il,madison,
62035,godfrey,il,madison,
62028,elsah,il,jersey,
62443,mason,il,effingham,
62074,new douglas,il,madison,
62058,livingston,il,madison,
62086,sorento,il,bond,
62480,willow hill,il,jasper,
62247,hagarstown,il,fayette,
62857,loogootee,il,fayette,
62021,dorsey,il,madison,
62448,newton,il,jasper,
62418,brownstown,il,fayette,
62464,stoy,il,crawford,
62473,watson,il,effingham,
62449,oblong,il,crawford,
62037,grafton,il,jersey,
62451,palestine,il,crawford,
62454,robinson,il,crawford,
62088,staunton,il,macoupin,
62479,wheeler,il,jasper,
62022,dow,il,jersey,
62458,saint elmo,il,fayette,
62077,panama,il,montgomery,
62424,dieterich,il,effingham,
62019,donnellson,il,bond,
62012,brighton,il,jersey,
62014,bunker hill,il,macoupin,
62091,walshville,il,montgomery,
62411,altamont,il,effingham,
62093,wilsonville,il,macoupin,
62069,mount olive,il,macoupin,
62006,batchtown,il,calhoun,
62080,ramsey,il,fayette,
62085,sawyerville,il,macoupin,
62017,coffeen,il,montgomery,
62009,benld,il,macoupin,
62032,fillmore,il,montgomery,
62433,hutsonville,il,crawford,
62031,fieldon,il,jersey,
62023,eagarville,il,macoupin,
62011,bingham,il,fayette,
62079,piasa,il,macoupin,
62413,annapolis,il,crawford,
62052,jerseyville,il,jersey,
62401,effingham,il,effingham,
62089,taylor springs,il,montgomery,
62432,hidalgo,il,jasper,
62481,yale,il,jasper,
62467,teutopolis,il,effingham,
62033,gillespie,il,macoupin,
62065,michael,il,calhoun,
62070,mozier,il,calhoun,
62049,hillsboro,il,montgomery,
62030,fidelity,il,jersey,
62047,hardin,il,calhoun,
62445,montrose,il,effingham,
62676,plainview,il,,
62056,litchfield,il,montgomery,
62414,beecher city,il,effingham,
62461,shumway,il,effingham,
62478,west york,il,crawford,
62685,shipman,il,macoupin,
62063,medora,il,jersey,
62054,kane,il,greene,
62436,jewett,il,cumberland,
62051,irving,il,montgomery,
62015,butler,il,montgomery,
62462,sigel,il,shelby,
62045,hamburg,il,calhoun,
62431,herrick,il,shelby,
62422,cowden,il,shelby,
62686,standard city,il,macoupin,
62477,west union,il,clark,
62094,witt,il,montgomery,
62630,chesterfield,il,macoupin,
62683,scottville,il,macoupin,
62463,stewardson,il,shelby,
62428,greenup,il,cumberland,
62468,toledo,il,cumberland,
62081,rockbridge,il,greene,
62027,eldred,il,greene,
62553,oconee,il,shelby,
62626,carlinville,il,macoupin,
62016,carrollton,il,greene,
62420,casey,il,clark,
62075,nokomis,il,montgomery,
62053,kampsville,il,calhoun,
62560,raymond,il,montgomery,
62438,lakewood,il,shelby,
62442,martinsville,il,clark,
62078,patterson,il,greene,
62447,neoga,il,cumberland,
62511,atwater,il,macoupin,
62076,ohlman,il,montgomery,
62044,greenfield,il,greene,
62465,strasburg,il,shelby,
62572,waggoner,il,montgomery,
62538,harvel,il,montgomery,
62083,rosamond,il,christian,
62435,janesville,il,cumberland,
62649,hettick,il,macoupin,
62098,wrights,il,greene,
62640,girard,il,macoupin,
62571,tower hill,il,shelby,
62469,trilla,il,coles,
62440,lerna,il,coles,
62557,pana,il,christian,
62672,nilwood,il,macoupin,
62546,morrisonville,il,christian,
62355,nebo,il,pike,
62441,marshall,il,clark,
62674,palmyra,il,macoupin,
62092,white hall,il,greene,
61957,windsor,il,shelby,
62444,mode,il,shelby,
62533,farmersville,il,montgomery,
62474,westfield,il,clark,
62361,pearl,il,pike,
62366,pleasant hill,il,pike,
62423,dennison,il,clark,
62565,shelbyville,il,shelby,
62050,hillview,il,greene,
62556,palmer,il,christian,
62667,modesto,il,macoupin,
62555,owaneco,il,christian,
62574,findlay,il,,
61928,gays,il,moultrie,
61938,mattoon,il,coles,
62082,roodhouse,il,greene,
61920,charleston,il,coles,
62690,virden,il,macoupin,
62510,assumption,il,christian,
62534,findlay,il,shelby,
61912,ashmore,il,coles,
62370,rockport,il,pike,
62372,summer hill,il,,
62689,thayer,il,sangamon,
62663,manchester,il,scott,
62352,milton,il,pike,
62610,alsey,il,scott,
61933,kansas,il,edgar,
62568,taylorville,il,christian,
62530,divernon,il,sangamon,
62668,murrayville,il,morgan,
62550,moweaqua,il,shelby,
62540,kincaid,il,christian,
62692,waverly,il,morgan,
62570,tovey,il,christian,
62517,bulpitt,il,christian,
62615,auburn,il,sangamon,
61951,sullivan,il,moultrie,
61931,humboldt,il,coles,
62363,pittsfield,il,pike,
62558,pawnee,il,sangamon,
61944,paris,il,edgar,
62332,detroit,il,,
62695,woodson,il,morgan,
62638,franklin,il,morgan,
62694,winchester,il,scott,
62536,glenarm,il,sangamon,
62356,new canton,il,pike,
61914,bethany,il,moultrie,
62567,stonington,il,christian,
61943,oakland,il,coles,
61949,redmon,il,edgar,
62531,edinburg,il,christian,
62661,loami,il,sangamon,
62629,chatham,il,sangamon,
61955,vermilion,il,edgar,
61910,arcola,il,douglas,
61917,brocton,il,edgar,
62345,kinderhook,il,pike,
62513,blue mound,il,macon,
62651,jacksonville,il,morgan,
62357,new salem,il,pike,
61930,hindsboro,il,douglas,
62544,macon,il,macon,
62312,barry,il,pike,
61911,arthur,il,douglas,
62340,griggsville,il,pike,
61925,dalton city,il,moultrie,
62563,rochester,il,sangamon,
62343,hull,il,pike,
61937,lovington,il,moultrie,
62621,bluffs,il,scott,
62650,jacksonville,il,morgan,
62662,lowder,il,sangamon,
62705,springfield,il,sangamon,
62709,springfield,il,sangamon,
62713,springfield,il,sangamon,
62715,springfield,il,sangamon,
62719,springfield,il,sangamon,
62720,springfield,il,sangamon,
62721,springfield,il,sangamon,
62722,springfield,il,sangamon,
62723,springfield,il,sangamon,
62726,springfield,il,sangamon,
62736,springfield,il,sangamon,
62739,springfield,il,sangamon,
62746,springfield,il,sangamon,
62756,springfield,il,sangamon,
62757,springfield,il,sangamon,
62762,springfield,il,sangamon,
62763,springfield,il,sangamon,
62764,springfield,il,sangamon,
62765,springfield,il,sangamon,
62766,springfield,il,sangamon,
62767,springfield,il,sangamon,
62769,springfield,il,sangamon,
62776,springfield,il,sangamon,
62777,springfield,il,sangamon,
62781,springfield,il,sangamon,
62786,springfield,il,sangamon,
62791,springfield,il,sangamon,
62794,springfield,il,sangamon,
62796,springfield,il,sangamon,
62601,alexander,il,morgan,
62712,springfield,il,sangamon,
62314,baylis,il,pike,
62703,springfield,il,sangamon,
62514,boody,il,macon,
62711,springfield,il,sangamon,
62670,new berlin,il,sangamon,
62547,mount auburn,il,christian,
62549,mt zion,il,macon,
62628,chapin,il,morgan,
62704,springfield,il,sangamon,
62545,mechanicsburg,il,sangamon,
62718,springfield,il,sangamon,
62532,elwin,il,macon,
62362,perry,il,pike,
61942,newman,il,douglas,
61929,hammond,il,piatt,
61936,la place,il,piatt,
62706,springfield,il,sangamon,
61953,tuscola,il,douglas,
61924,chrisman,il,edgar,
61919,camargo,il,douglas,
61941,murdock,il,douglas,
62701,springfield,il,sangamon,
62365,plainville,il,adams,
61940,metcalf,il,edgar,
61932,hume,il,edgar,
61913,atwood,il,douglas,
62708,springfield,il,sangamon,
62323,chambersburg,il,pike,
62360,payson,il,adams,
62665,meredosia,il,morgan,
62631,concord,il,morgan,
62702,springfield,il,sangamon,
62677,pleasant plains,il,sangamon,
62521,decatur,il,macon,
62523,decatur,il,macon,
62522,decatur,il,macon,
62716,springfield,il,sangamon,
62515,buffalo,il,sangamon,
62539,illiopolis,il,sangamon,
62761,springfield,il,sangamon,
62524,decatur,il,macon,
62525,decatur,il,macon,
62527,decatur,il,macon,
62707,springfield,il,sangamon,
62520,dawson,il,sangamon,
62537,harristown,il,macon,
62551,niantic,il,macon,
62526,decatur,il,macon,
62660,literberry,il,morgan,
62561,riverton,il,sangamon,
61818,cerro gordo,il,piatt,
61956,villa grove,il,douglas,
62552,oakley,il,macon,
62378,versailles,il,brown,
62347,liberty,il,adams,
62611,arenzville,il,cass,
61852,longview,il,champaign,
61876,sidell,il,vermilion,
62684,sherman,il,sangamon,
61816,broadlands,il,champaign,
61863,pesotum,il,champaign,
61870,ridge farm,il,vermilion,
62625,cantrall,il,sangamon,
61810,allerton,il,vermilion,
61813,bement,il,piatt,
61855,milmine,il,piatt,
62535,forsyth,il,macon,
61850,indianola,il,vermilion,
62693,williamsville,il,sangamon,
62301,quincy,il,adams,
62328,columbus,il,,
62501,argenta,il,macon,
62554,oreana,il,macon,
62519,cornland,il,logan,
62612,ashland,il,cass,
62688,tallula,il,menard,
62573,warrensburg,il,macon,
61851,ivesdale,il,champaign,
62691,virginia,il,cass,
62305,quincy,il,adams,
61872,sadorus,il,champaign,
62541,lake fork,il,logan,
62543,latham,il,logan,
62675,petersburg,il,menard,
62306,quincy,il,adams,
61846,georgetown,il,vermilion,
62622,bluff springs,il,cass,
62353,mount sterling,il,brown,
61880,tolono,il,champaign,
62613,athens,il,menard,
62338,fowler,il,adams,
61830,cisco,il,piatt,
62618,beardstown,il,cass,
62548,mount pulaski,il,logan,
61864,philo,il,champaign,
62375,timewell,il,brown,
62634,elkhart,il,logan,
62324,clayton,il,adams,
61877,sidney,il,champaign,
61856,monticello,il,piatt,
62320,camp point,il,adams,
62659,lincoln's new salem,il,menard,
61756,maroa,il,macon,
61849,homer,il,champaign,
62359,paloma,il,adams,
61841,fairmount,il,vermilion,
62627,chandlerville,il,cass,
61883,westville,il,vermilion,
62325,coatsburg,il,adams,
62518,chestnut,il,logan,
61874,savoy,il,champaign,
61817,catlin,il,vermilion,
61802,urbana,il,champaign,
62376,ursa,il,adams,
62351,mendon,il,adams,
61833,tilton,il,vermilion,
62666,middletown,il,logan,
62673,oakford,il,menard,
61884,white heath,il,piatt,
62642,greenview,il,menard,
61875,seymour,il,champaign,
61803,urbana,il,champaign,
61821,champaign,il,champaign,
61815,bondville,il,champaign,
61801,urbana,il,champaign,
61839,de land,il,piatt,
61820,champaign,il,champaign,
61749,kenney,il,de witt,
61826,champaign,il,champaign,
62681,rushville,il,schuyler,
61857,muncie,il,vermilion,
61858,oakwood,il,vermilion,
61882,weldon,il,de witt,
61844,fithian,il,vermilion,
62339,golden,il,adams,
61873,saint joseph,il,champaign,
61750,lane,il,de witt,
62624,browning,il,schuyler,
62639,frederick,il,schuyler,
61822,champaign,il,champaign,
61832,danville,il,vermilion,
61824,champaign,il,champaign,
61825,champaign,il,champaign,
61859,ogden,il,champaign,
62512,beason,il,logan,
62656,lincoln,il,logan,
61727,clinton,il,de witt,
62319,camden,il,schuyler,
62349,loraine,il,adams,
62617,bath,il,mason,
62344,huntsville,il,schuyler,
62346,la prairie,il,adams,
62655,kilbourne,il,mason,
61834,danville,il,vermilion,
62348,lima,il,adams,
62671,new holland,il,logan,
61735,dewitt,il,de witt,
61871,royal,il,champaign,
61853,mahomet,il,champaign,
61854,mansfield,il,piatt,
61812,armstrong,il,vermilion,
61751,lawndale,il,logan,
61831,collison,il,vermilion,
62664,mason city,il,mason,
62633,easton,il,mason,
61501,astoria,il,fulton,
61777,wapella,il,de witt,
61452,littleton,il,schuyler,
62311,augusta,il,hancock,
62316,bowen,il,hancock,
61878,thomasboro,il,champaign,
61778,waynesville,il,de witt,
61842,farmer city,il,de witt,
62643,hartsburg,il,logan,
62380,west point,il,hancock,
61814,bismarck,il,vermilion,
61723,atlanta,il,logan,
62373,sutter,il,hancock,
61868,rantoul,il,,
62635,emden,il,logan,
61843,fisher,il,champaign,
61811,alvin,il,vermilion,
62682,san jose,il,mason,
61847,gifford,il,champaign,
61848,henning,il,vermilion,
61484,vermont,il,fulton,
62644,havana,il,mason,
61865,potomac,il,vermilion,
61862,penfield,il,champaign,
61866,rantoul,il,champaign,
61840,dewey,il,champaign,
62367,plymouth,il,hancock,
61440,industry,il,mcdonough,
61754,mc lean,il,mclean,
62313,basco,il,hancock,
61745,heyworth,il,mclean,
61724,bellflower,il,mclean,
61567,topeka,il,mason,
61752,le roy,il,mclean,
62379,warsaw,il,hancock,
62327,colmar,il,,
61845,foosland,il,champaign,
61441,ipava,il,fulton,
61532,forest city,il,mason,
61721,armington,il,tazewell,
60963,rossville,il,vermilion,
61734,delavan,il,tazewell,
60949,ludlow,il,champaign,
61482,table grove,il,fulton,
61542,lewistown,il,fulton,
61411,adair,il,mcdonough,
61543,liverpool,il,fulton,
61736,downs,il,mclean,
61722,arrowsmith,il,mclean,
62321,carthage,il,hancock,
62374,tennessee,il,mcdonough,
62326,colchester,il,mcdonough,
61546,manito,il,mason,
62310,adrian,il,hancock,
62334,elvaston,il,hancock,
61772,shirley,il,mclean,
61534,green valley,il,tazewell,
61747,hopedale,il,tazewell,
61770,saybrook,il,mclean,
61759,minier,il,tazewell,
61774,stanford,il,mclean,
62341,hamilton,il,hancock,
61705,bloomington,il,mclean,
61737,ellsworth,il,mclean,
61433,fiatt,il,fulton,
60960,rankin,il,vermilion,
60957,paxton,il,ford,
61709,bloomington,il,mclean,
61455,macomb,il,mcdonough,
60932,east lynn,il,vermilion,
60942,hoopeston,il,vermilion,
60933,elliott,il,ford,
60936,gibson city,il,ford,
61519,bryant,il,fulton,
62336,ferris,il,hancock,
61704,bloomington,il,mclean,
61710,bloomington,il,mclean,
61701,bloomington,il,mclean,
61477,smithfield,il,fulton,
62318,burnside,il,hancock,
61799,bloomington,il,mclean,
61563,saint david,il,fulton,
61524,dunfermline,il,fulton,
61564,south pekin,il,tazewell,
61459,marietta,il,fulton,
61416,bardolph,il,mcdonough,
61427,cuba,il,fulton,
61568,tremont,il,tazewell,
61790,normal,il,mclean,
61761,normal,il,mclean,
61702,bloomington,il,mclean,
61758,merna,il,mclean,
61791,bloomington,il,mclean,
60948,loda,il,iroquois,
62354,nauvoo,il,hancock,
60973,wellington,il,iroquois,
61730,cooksville,il,mclean,
61732,danvers,il,mclean,
61755,mackinaw,il,tazewell,
61720,anchor,il,mclean,
61420,blandinsville,il,mcdonough,
61776,towanda,il,mclean,
61422,bushnell,il,mcdonough,
61558,pekin,il,tazewell,
61539,kingston mines,il,peoria,
61520,canton,il,fulton,
61555,pekin,il,tazewell,
61554,pekin,il,tazewell,
60926,claytonville,il,iroquois,
61728,colfax,il,mclean,
60952,melvin,il,ford,
62329,colusa,il,hancock,
62330,dallas city,il,hancock,
61438,good hope,il,mcdonough,
61533,glasford,il,peoria,
61773,sibley,il,ford,
61475,sciota,il,mcdonough,
61450,la harpe,il,hancock,
60924,cissna park,il,iroquois,
62358,niota,il,hancock,
61535,groveland,il,tazewell,
60918,buckley,il,iroquois,
61725,carlock,il,mclean,
61731,cropsey,il,mclean,
61431,ellisville,il,fulton,
61547,mapleton,il,peoria,
61550,morton,il,tazewell,
61470,prairie city,il,mcdonough,
60962,roberts,il,ford,
61748,hudson,il,mclean,
61729,congerville,il,woodford,
61733,deer creek,il,tazewell,
61553,norris,il,fulton,
60953,milford,il,iroquois,
61607,peoria,il,peoria,
61742,goodfield,il,woodford,
61753,lexington,il,mclean,
61641,peoria,il,peoria,
61610,creve coeur,il,tazewell,
61432,fairview,il,fulton,
61775,strawn,il,livingston,
61415,avon,il,fulton,
61611,east peoria,il,tazewell,
61454,lomax,il,henderson,
61605,peoria,il,peoria,
61569,trivoli,il,peoria,
61536,hanna city,il,peoria,
61531,farmington,il,fulton,
61602,peoria,il,peoria,
60968,thawville,il,iroquois,
61634,peoria,il,peoria,
61629,peoria,il,peoria,
61601,peoria,il,peoria,
61544,london mills,il,fulton,
61625,peoria,il,peoria,
61606,peoria,il,peoria,
61636,peoria,il,peoria,
61637,peoria,il,peoria,
61571,washington,il,tazewell,
61639,peoria,il,peoria,
61604,peoria,il,peoria,
60955,onarga,il,iroquois,
61603,peoria,il,peoria,
60974,woodland,il,iroquois,
61530,eureka,il,woodford,
61771,secor,il,woodford,
61473,roseville,il,warren,
61474,saint augustine,il,knox,
61633,peoria,il,peoria,
61738,el paso,il,woodford,
60928,crescent city,il,iroquois,
61613,peoria,il,peoria,
61744,gridley,il,mclean,
61518,brimfield,il,peoria,
61612,peoria,il,peoria,
61628,peoria,il,peoria,
61630,peoria,il,peoria,
61635,peoria,il,peoria,
61643,peoria,il,peoria,
61650,peoria,il,peoria,
61651,peoria,il,peoria,
61653,peoria,il,peoria,
61654,peoria,il,peoria,
61655,peoria,il,peoria,
61656,peoria,il,peoria,
61726,chenoa,il,mclean,
61739,fairbury,il,livingston,
61616,peoria,il,peoria,
60939,goodwine,il,iroquois,
60967,stockland,il,iroquois,
60921,chatsworth,il,livingston,
61741,forrest,il,livingston,
61480,stronghurst,il,henderson,
61425,carman,il,henderson,
60959,piper city,il,ford,
61478,smithshire,il,warren,
61460,media,il,henderson,
61632,peoria,il,peoria,
61644,peoria,il,peoria,
61615,peoria,il,peoria,
60938,gilman,il,iroquois,
61614,peoria,il,peoria,
61529,elmwood,il,peoria,
60970,watseka,il,iroquois,
61528,edwards,il,peoria,
61417,berwick,il,warren,
60966,sheldon,il,iroquois,
61548,metamora,il,woodford,
61458,maquon,il,knox,
61640,peoria,il,peoria,
61572,yates city,il,knox,
61561,roanoke,il,woodford,
61638,peoria,il,peoria,
61410,abingdon,il,knox,
61552,mossville,il,peoria,
60930,danforth,il,iroquois,
60945,iroquois,il,iroquois,
61516,benson,il,woodford,
61437,gladstone,il,henderson,
61517,brimfield,il,peoria,
61525,dunlap,il,peoria,
61471,raritan,il,henderson,
61418,biggsville,il,henderson,
61447,kirkwood,il,warren,
61562,rome,il,peoria,
61743,graymont,il,livingston,
61764,pontiac,il,livingston,
61436,gilson,il,knox,
61652,peoria,il,peoria,
60929,cullom,il,livingston,
61740,flanagan,il,livingston,
61545,lowpoint,il,woodford,
60911,ashkum,il,iroquois,
61769,saunemin,il,livingston,
61423,cameron,il,warren,
60931,donovan,il,iroquois,
61760,minonk,il,woodford,
61523,chillicothe,il,peoria,
60951,martinton,il,iroquois,
61559,princeville,il,stark,
61448,knoxville,il,knox,
61462,monmouth,il,warren,
60946,kempton,il,ford,
61570,washburn,il,marshall,
61489,williamsfield,il,knox,
61402,galesburg,il,knox,
61451,laura,il,peoria,
60927,clifton,il,iroquois,
61430,east galesburg,il,knox,
61469,oquawka,il,henderson,
61526,edelstein,il,peoria,
61401,galesburg,il,knox,
61321,dana,il,la salle,
61428,dahinda,il,knox,
60956,papineau,il,iroquois,
60912,beaverville,il,iroquois,
60934,emington,il,livingston,
60919,cabery,il,ford,
61358,rutland,il,la salle,
61435,gerlaw,il,warren,
61479,speer,il,stark,
61333,long point,il,livingston,
61369,toluca,il,marshall,
61541,la rose,il,marshall,
61565,sparland,il,marshall,
61453,little york,il,warren,
61540,lacon,il,marshall,
61488,wataga,il,knox,
60460,odell,il,livingston,
60920,campus,il,livingston,
60922,chebanse,il,iroquois,
61485,victoria,il,knox,
61439,henderson,il,knox,
61319,cornell,il,livingston,
61375,varna,il,marshall,
61311,ancona,il,livingston,
60917,buckingham,il,kankakee,
60941,herscher,il,kankakee,
60964,saint anne,il,kankakee,
61412,alexis,il,mercer,
61377,wenona,il,marshall,
61491,wyoming,il,stark,
60958,pembroke township,il,kankakee,5
61313,blackstone,il,livingston,
61476,seaton,il,mercer,
61424,camp grove,il,marshall,
61467,oneida,il,knox,
60420,dwight,il,livingston,
60910,aroma park,il,kankakee,
60961,reddick,il,kankakee,
61466,north henderson,il,mercer,
61483,toulon,il,stark,
61442,keithsburg,il,mercer,
60969,union hill,il,kankakee,
61449,la fayette,il,stark,
61472,rio,il,knox,
61537,henry,il,marshall,
61414,altona,il,knox,
61336,magnolia,il,putnam,
60901,kankakee,il,kankakee,
61426,castleton,il,stark,
61364,streator,il,la salle,
61334,lostant,il,la salle,
60915,bradley,il,kankakee,
60902,kankakee,il,kankakee,
60944,hopkins park,il,kankakee,
61332,leonore,il,la salle,
60470,ransom,il,la salle,
61421,bradford,il,stark,
60913,bonfield,il,kankakee,
60954,momence,il,kankakee,
60437,kinsman,il,grundy,
61434,galva,il,henry,
60914,bourbonnais,il,kankakee,
60935,essex,il,kankakee,
60474,south wilmington,il,grundy,
61335,mc nabb,il,putnam,
60424,gardner,il,grundy,
61490,woodhull,il,henry,
61413,alpha,il,henry,
61560,putnam,il,putnam,
61419,bishop hill,il,henry,
61465,new windsor,il,mercer,
61231,aledo,il,mercer,
61486,viola,il,mercer,
61272,new boston,il,mercer,
61260,joy,il,mercer,
60444,mazon,il,grundy,
60407,braceville,il,grundy,
61370,tonica,il,la salle,
61327,hennepin,il,putnam,
61325,grand ridge,il,la salle,
61443,kewanee,il,henry,
60940,grant park,il,kankakee,
60479,verona,il,grundy,
60950,manteno,il,kankakee,
61363,standard,il,putnam,
61468,opheim,il,henry,
61263,matherville,il,mercer,
61316,cedar point,il,la salle,
61326,granville,il,putnam,
60408,braidwood,il,will,
61340,mark,il,putnam,
60481,wilmington,il,will,
61262,lynn center,il,henry,
61368,tiskilwa,il,bureau,
61315,bureau,il,bureau,
61345,neponset,il,bureau,
60416,coal city,il,grundy,
61348,oglesby,il,la salle,
61233,andover,il,henry,
61276,preemption,il,mercer,
61281,sherrard,il,mercer,
61322,depue,il,bureau,
61238,cambridge,il,henry,
61314,buda,il,bureau,
61360,seneca,il,la salle,
61279,reynolds,il,rock island,
61362,spring valley,il,bureau,
61341,marseilles,il,la salle,
61354,peru,il,la salle,
60468,peotone,il,will,
61237,buffalo prairie,il,rock island,
61301,la salle,il,la salle,
60401,beecher,il,will,
61350,ottawa,il,la salle,
61320,dalzell,il,bureau,
61359,seatonville,il,bureau,
61356,princeton,il,bureau,
61373,utica,il,la salle,
61273,orion,il,henry,
61274,osco,il,henry,
61328,kasbeer,il,bureau,
61374,van orin,il,bureau,
60450,morris,il,grundy,
61379,wyanet,il,bureau,
61329,ladd,il,bureau,
61284,taylor ridge,il,rock island,
61259,illinois city,il,rock island,
61361,sheffield,il,bureau,
61234,annawan,il,henry,
61344,mineral,il,bureau,
61235,atkinson,il,henry,
60449,monee,il,will,
61337,malden,il,bureau,
60421,elwood,il,will,
61264,milan,il,rock island,
61317,cherry,il,bureau,
60442,manhattan,il,will,
60410,channahon,il,will,
61240,coal valley,il,rock island,
61323,dover,il,bureau,
60417,crete,il,will,
61232,andalusia,il,rock island,
60557,wedron,il,la salle,
60484,university park,il,will,5
61312,arlington,il,bureau,
61372,troy grove,il,la salle,
61338,manlius,il,bureau,
60447,minooka,il,grundy,
60475,steger,il,cook,
61254,geneseo,il,henry,
60431,joliet,il,will,
60466,park forest,il,cook,
60471,richton park,il,cook,
61239,carbon cliff,il,rock island,
60436,joliet,il,will,
61241,colona,il,henry,
61265,moline,il,rock island,
61201,rock island,il,rock island,
61371,triumph,il,la salle,
60549,serena,il,la salle,
61282,silvis,il,rock island,
60451,new lenox,il,will,
60404,shorewood,il,,
60411,chicago heights,il,cook,
60423,frankfort,il,will,
60443,matteson,il,cook,
61244,east moline,il,rock island,
60433,joliet,il,will,
61346,new bedford,il,bureau,
61236,barstow,il,rock island,
60551,sheridan,il,la salle,
60461,olympia fields,il,cook,
61299,rock island,il,rock island,
61258,hooppole,il,henry,
60434,joliet,il,will,
60541,newark,il,kendall,
60448,mokena,il,will,
61349,ohio,il,bureau,
61330,la moille,il,bureau,
60432,joliet,il,will,
61376,walnut,il,bureau,
60422,flossmoor,il,cook,
61342,mendota,il,la salle,
60435,joliet,il,will,
60425,glenwood,il,cook,
61204,rock island,il,rock island,
61206,rock island,il,rock island,
61266,moline,il,rock island,
60430,homewood,il,cook,
61256,hampton,il,rock island,
60537,millington,il,kendall,
60487,tinley park,il,,
60478,country club hills,il,cook,
60586,plainfield,il,,
60438,lansing,il,cook,
60476,thornton,il,cook,
60429,hazel crest,il,cook,
60483,tinley park,il,,
60477,tinley park,il,cook,
60518,earlville,il,la salle,
61278,rapids city,il,rock island,
60536,millbrook,il,kendall,
61257,hillsdale,il,rock island,
60441,lockport,il,will,
60473,south holland,il,cook,
60428,markham,il,cook,
60544,plainfield,il,will,
61275,port byron,il,rock island,
60467,orland park,il,cook,
60491,homer glen,il,will,
60531,leland,il,la salle,
60452,oak forest,il,cook,
60426,harvey,il,cook,
60409,calumet city,il,cook,
60462,orland park,il,cook,
60419,dolton,il,cook,
60469,posen,il,cook,
61277,prophetstown,il,whiteside,
61243,deer grove,il,whiteside,
61367,sublette,il,lee,
60445,midlothian,il,cook,
60548,sandwich,il,dekalb,
60552,somonauk,il,dekalb,
60560,yorkville,il,kendall,
60446,romeoville,il,will,
60472,robbins,il,cook,
60627,riverdale,il,,
60827,riverdale,il,cook,
61283,tampico,il,whiteside,
60585,plainfield,il,,
61250,erie,il,whiteside,
60406,blue island,il,cook,
60463,palos heights,il,cook,
60464,palos park,il,cook,
60633,chicago,il,cook,
60545,plano,il,kendall,
60658,chicago,il,,
60803,alsip,il,cook,
60490,bolingbrook,il,will,
60543,oswego,il,kendall,
61318,compton,il,lee,
61353,paw paw,il,lee,
60482,worth,il,cook,
61242,cordova,il,rock island,
60628,chicago,il,cook,
60655,chicago,il,cook,
61042,harmon,il,lee,
60440,bolingbrook,il,will,
60643,chicago,il,cook,
60465,palos hills,il,cook,
60512,bristol,il,kendall,
60415,chicago ridge,il,cook,
60564,naperville,il,will,
61310,amboy,il,lee,
60439,lemont,il,dupage,
60453,oak lawn,il,cook,
60538,montgomery,il,kendall,
60503,aurora,il,,
61261,lyndon,il,whiteside,
60805,evergreen park,il,cook,
60617,chicago,il,cook,
60457,hickory hills,il,cook,
61251,fenton,il,whiteside,
61378,west brooklyn,il,lee,
60456,hometown,il,cook,
60565,naperville,il,dupage,
60480,willow springs,il,cook,
60620,chicago,il,cook,
60455,bridgeview,il,cook,
60561,darien,il,dupage,
60458,justice,il,cook,
60459,burbank,il,cook,
60527,willowbrook,il,cook,
60652,chicago,il,cook,
60619,chicago,il,cook,
61331,lee center,il,lee,
60556,waterman,il,dekalb,
60517,woodridge,il,dupage,
60504,aurora,il,dupage,
60505,aurora,il,kane,
60511,big rock,il,kane,
60516,downers grove,il,dupage,
60649,chicago,il,cook,
60550,shabbona,il,dekalb,
61230,albany,il,whiteside,
60540,naperville,il,dupage,
60506,aurora,il,kane,
61071,rock falls,il,whiteside,
60520,hinckley,il,dekalb,
61324,eldena,il,lee,
60559,westmont,il,dupage,
60554,sugar grove,il,kane,
60621,chicago,il,cook,
60636,chicago,il,cook,
60519,eola,il,dupage,
60629,chicago,il,cook,
60501,summit argo,il,cook,
60637,chicago,il,cook,
60638,chicago,il,cook,
60525,la grange,il,cook,
60502,aurora,il,,
60532,lisle,il,dupage,
60530,lee,il,lee,
61037,galt,il,whiteside,
60563,naperville,il,dupage,
60514,clarendon hills,il,dupage,
61058,nelson,il,lee,
60521,hinsdale,il,dupage,
60615,chicago,il,cook,
60515,downers grove,il,dupage,
60558,western springs,il,cook,
61081,sterling,il,whiteside,
60542,north aurora,il,kane,
60632,chicago,il,cook,
60609,chicago,il,cook,
60006,arlington heights,il,cook,
60009,elk grove village,il,cook,
60065,northbrook,il,cook,
60078,palatine,il,cook,
60094,palatine,il,cook,
60095,palatine,il,cook,
60159,schaumburg,il,cook,
60161,melrose park,il,cook,
60168,schaumburg,il,cook,
60204,evanston,il,cook,
60303,oak park,il,cook,
60412,chicago heights,il,cook,
60454,oak lawn,il,cook,
60499,bedford park,il,cook,
60663,chicago,il,cook,
60664,chicago,il,cook,
60665,chicago,il,cook,
60667,chicago,il,cook,
60668,chicago,il,cook,
60669,chicago,il,cook,
60670,chicago,il,cook,
60671,chicago,il,cook,
60672,chicago,il,cook,
60673,chicago,il,cook,
60674,chicago,il,cook,
60675,chicago,il,cook,
60677,chicago,il,cook,
60678,chicago,il,cook,
60680,chicago,il,cook,
60681,chicago,il,cook,
60683,chicago,il,cook,
60684,chicago,il,cook,
60685,chicago,il,cook,
60687,chicago,il,cook,
60690,chicago,il,cook,
60691,chicago,il,cook,
60694,chicago,il,cook,
60697,chicago,il,cook,
60699,chicago,il,cook,
60701,chicago,il,cook,
60534,lyons,il,cook,
61270,morrison,il,whiteside,
60653,chicago,il,cook,
60513,brookfield,il,cook,
60539,mooseheart,il,kane,
60555,warrenville,il,dupage,
61057,nachusa,il,lee,
60526,la grange park,il,cook,
60402,berwyn,il,cook,
60682,chicago,il,,
60523,oak brook,il,dupage,
60804,cicero,il,cook,
60546,riverside,il,cook,
60105,bensenville,il,dupage,
60114,addison,il,dupage,
60116,carol stream,il,dupage,
60117,bloomingdale,il,dupage,
60125,carol stream,il,dupage,
60128,carol stream,il,dupage,
60132,carol stream,il,dupage,
60138,glen ellyn,il,dupage,
60186,west chicago,il,dupage,
60189,wheaton,il,dupage,
60197,carol stream,il,dupage,
60198,carol stream,il,dupage,
60199,carol stream,il,dupage,
60403,crest hill,il,,
60522,hinsdale,il,dupage,
60566,naperville,il,dupage,
60567,naperville,il,dupage,
60570,hinsdale,il,dupage,
60572,aurora,il,dupage,
60598,aurora,il,dupage,
60599,fox valley,il,dupage,
60616,chicago,il,cook,
60650,cicero,il,,
60553,steward,il,lee,
61021,dixon,il,lee,
60510,batavia,il,kane,
60623,chicago,il,cook,
60608,chicago,il,cook,
61252,fulton,il,whiteside,
60154,westchester,il,cook,
60155,broadview,il,cook,
61031,franklin grove,il,lee,
60141,hines,il,cook,
61006,ashton,il,lee,
60137,glen ellyn,il,dupage,
60696,chicago,il,,
60605,chicago,il,cook,
60148,lombard,il,dupage,
60607,chicago,il,cook,
60187,wheaton,il,dupage,
60688,chicago,il,,
60162,hillside,il,cook,
60304,oak park,il,cook,
60130,forest park,il,cook,
60190,winfield,il,dupage,
60689,chicago,il,,
60686,chicago,il,,
60604,chicago,il,cook,
60153,maywood,il,cook,
60603,chicago,il,cook,
60181,villa park,il,dupage,
60624,chicago,il,cook,
60612,chicago,il,cook,
60661,chicago,il,cook,
60119,elburn,il,kane,
60104,bellwood,il,cook,
60602,chicago,il,cook,
60644,chicago,il,cook,
60695,chicago,il,,
60601,chicago,il,cook,
60134,geneva,il,kane,
60606,chicago,il,cook,
60185,west chicago,il,dupage,
60301,oak park,il,cook,
60163,berkeley,il,cook,
60654,chicago,il,cook,
60302,oak park,il,cook,
60126,elmhurst,il,dupage,
60305,river forest,il,cook,
60611,chicago,il,cook,
60160,melrose park,il,cook,
60115,dekalb,il,dekalb,
60642,chicago,il,cook,
60622,chicago,il,cook,
60651,chicago,il,cook,
60165,stone park,il,cook,
61017,coleta,il,whiteside,
61091,woosung,il,ogle,
60610,chicago,il,cook,
60182,virgil,il,kane,
60158,carol stream,il,,
60251,palatine,il,,
60351,carol stream,il,,
60353,carol stream,il,,
60188,carol stream,il,dupage,
60150,malta,il,dekalb,
60174,saint charles,il,kane,
60639,chicago,il,cook,
60139,glendale heights,il,dupage,
60647,chicago,il,cook,
60164,melrose park,il,cook,
60635,elmwood park,il,,
60614,chicago,il,cook,
60151,maple park,il,kane,
60707,elmwood park,il,cook,
60112,cortland,il,dekalb,
60171,river grove,il,cook,
61068,rochelle,il,ogle,
60113,creston,il,ogle,
60101,addison,il,dupage,
60131,franklin park,il,cook,
60568,aurora,il,kane,
60144,kaneville,il,kane,
60147,lafox,il,kane,
60183,wasco,il,kane,
60507,aurora,il,kane,
60133,hanover park,il,dupage,
60657,chicago,il,cook,
60641,chicago,il,cook,
60634,chicago,il,cook,
60618,chicago,il,cook,
60175,saint charles,il,kane,
60108,bloomingdale,il,dupage,
60106,bensenville,il,dupage,
60184,wayne,il,dupage,
60613,chicago,il,cook,
60399,wood dale,il,,
60398,franklin park,il,,
60176,schiller park,il,cook,
60191,wood dale,il,dupage,
60290,chicago,il,,
60706,harwood heights,il,cook,
61051,milledgeville,il,carroll,
60666,amf ohare,il,cook,
60630,chicago,il,cook,
60625,chicago,il,cook,
60157,medinah,il,dupage,
60640,chicago,il,cook,
60143,itasca,il,dupage,
60656,chicago,il,cook,
60103,bartlett,il,cook,
60172,roselle,il,dupage,
61285,thomson,il,carroll,
61064,polo,il,ogle,
60660,chicago,il,cook,
60178,sycamore,il,dekalb,
60646,chicago,il,cook,
61015,chana,il,ogle,
60631,chicago,il,cook,
61014,chadwick,il,carroll,
60177,south elgin,il,kane,
60659,chicago,il,cook,
60007,elk grove village,il,cook,
60712,lincolnwood,il,cook,
60111,clare,il,dekalb,
60645,chicago,il,cook,
60626,chicago,il,cook,
61061,oregon,il,ogle,
60068,park ridge,il,cook,
61045,kings,il,,
60193,schaumburg,il,cook,
60018,des plaines,il,cook,
60107,streamwood,il,cook,
60129,esmond,il,dekalb,
60019,des plaines,il,cook,
60170,plato center,il,kane,
60799,chicago bmc,il,,
60017,des plaines,il,cook,
60194,schaumburg,il,cook,
60124,elgin,il,,
60202,evanston,il,cook,
60648,chicago,il,,
60714,niles,il,cook,
60077,skokie,il,cook,
60076,skokie,il,cook,
60123,elgin,il,kane,
60120,elgin,il,kane,
60121,elgin,il,kane,
60053,morton grove,il,cook,
61043,holcomb,il,ogle,
60109,burlington,il,kane,
60016,des plaines,il,cook,
61054,mount morris,il,ogle,
60203,evanston,il,cook,
60169,hoffman estates,il,,
60209,evanston,il,cook,
61049,lindenwood,il,ogle,
60201,evanston,il,cook,
60196,schaumburg,il,cook,
60029,golf,il,cook,
60173,schaumburg,il,cook,
60208,evanston,il,cook,
60056,mount prospect,il,cook,
60005,arlington heights,il,cook,
60122,elgin,il,kane,
60008,rolling meadows,il,cook,
60025,glenview,il,cook,
60195,schaumburg,il,cook,
60091,wilmette,il,cook,
60179,hoffman estates,il,cook,
60140,hampshire,il,kane,
60043,kenilworth,il,cook,
60026,glenview nas,il,cook,
60192,schaumburg,il,cook,
61046,lanark,il,carroll,
61074,savanna,il,carroll,
60118,dundee,il,kane,
60693,chicago,il,cook,
61020,davis junction,il,ogle,
60038,palatine,il,cook,
60055,palatine,il,cook,
60135,genoa,il,dekalb,
60136,gilberts,il,kane,
60146,kirkland,il,dekalb,
61052,monroe center,il,ogle,
61053,mount carroll,il,carroll,
60093,winnetka,il,cook,
60145,kingston,il,dekalb,
60070,prospect heights,il,cook,
60004,arlington heights,il,cook,
60067,palatine,il,cook,
60082,techny,il,cook,
61084,stillman valley,il,ogle,
61030,forreston,il,ogle,
60110,carpentersville,il,kane,
60062,northbrook,il,cook,
61010,byron,il,ogle,
60022,glencoe,il,cook,
60090,wheeling,il,cook,
60074,palatine,il,cook,
61047,leaf river,il,ogle,
60089,buffalo grove,il,lake,
61078,shannon,il,carroll,
60010,barrington,il,lake,
60102,algonquin,il,mchenry,
60063,deerfield,il,,
60015,deerfield,il,lake,
60142,huntley,il,mchenry,
60035,highland park,il,lake,
61007,baileyville,il,ogle,
60021,fox river grove,il,mchenry,
60156,lake in the hills,il,mchenry,
60069,lincolnshire,il,lake,
60049,long grove,il,lake,
60040,highwood,il,lake,
60037,fort sheridan,il,lake,
60180,union,il,mchenry,
60047,lake zurich,il,lake,
61109,rockford,il,winnebago,
61039,german valley,il,stephenson,
60013,cary,il,mchenry,
61016,cherry valley,il,winnebago,
60061,vernon hills,il,lake,
60014,crystal lake,il,mchenry,
61077,seward,il,winnebago,
60045,lake forest,il,lake,
60152,marengo,il,mchenry,
61112,rockford,il,winnebago,
61038,garden prairie,il,boone,
61108,rockford,il,winnebago,
61102,rockford,il,winnebago,
61104,rockford,il,winnebago,
61041,hanover,il,jo daviess,
61008,belvidere,il,boone,
61062,pearl city,il,stephenson,
60060,mundelein,il,lake,
60084,wauconda,il,lake,
60012,crystal lake,il,mchenry,
61088,winnebago,il,winnebago,
60042,island lake,il,lake,
61107,rockford,il,winnebago,
60048,libertyville,il,lake,
60044,lake bluff,il,lake,
61101,rockford,il,winnebago,
61032,freeport,il,stephenson,
61067,ridott,il,stephenson,
61103,rockford,il,winnebago,
60088,great lakes,il,lake,
61063,pecatonica,il,winnebago,
61028,elizabeth,il,jo daviess,
61044,kent,il,stephenson,
61114,rockford,il,winnebago,
60098,woodstock,il,mchenry,
60011,barrington,il,lake,
60075,russell,il,lake,
60079,waukegan,il,lake,
60092,libertyville,il,lake,
60064,north chicago,il,lake,
60001,alden,il,mchenry,
60039,crystal lake,il,mchenry,
61079,shirland,il,winnebago,
61105,rockford,il,winnebago,
61106,rockford,il,winnebago,
61110,rockford,il,winnebago,
61125,rockford,il,winnebago,
61126,rockford,il,winnebago,
61130,loves park,il,winnebago,
61131,loves park,il,winnebago,
61132,loves park,il,winnebago,
61111,loves park,il,winnebago,
60050,mchenry,il,mchenry,
61027,eleroy,il,stephenson,
60296,mchenry,il,,
60297,mchenry,il,,
61085,stockton,il,jo daviess,
60030,grayslake,il,lake,
60051,mchenry,il,mchenry,
60085,waukegan,il,lake,
61115,machesney park,il,winnebago,
61076,scioto mills,il,stephenson,
61065,poplar grove,il,boone,
60041,ingleside,il,lake,
60073,round lake,il,lake,
60031,gurnee,il,lake,
61013,cedarville,il,stephenson,
61048,lena,il,stephenson,
60046,lake villa,il,lake,
61011,caledonia,il,boone,
60097,wonder lake,il,mchenry,
60020,fox lake,il,lake,
60087,waukegan,il,lake,
61018,dakota,il,stephenson,
60072,ringwood,il,mchenry,
61012,capron,il,boone,
61070,rock city,il,stephenson,
61036,galena,il,jo daviess,
61073,roscoe,il,winnebago,
60033,harvard,il,mchenry,
61050,mc connell,il,stephenson,
60086,north chicago,il,lake,
61024,durand,il,winnebago,
60081,spring grove,il,mchenry,
61019,davis,il,stephenson,
60080,solon mills,il,mchenry,
60099,zion,il,lake,
60083,wadsworth,il,lake,
61072,rockton,il,winnebago,
61059,nora,il,jo daviess,
60034,hebron,il,mchenry,
60002,antioch,il,lake,
60071,richmond,il,mchenry,
61001,apple river,il,jo daviess,
61075,scales mound,il,jo daviess,
61060,orangeville,il,stephenson,
60096,winthrop harbor,il,lake,
61080,south beloit,il,winnebago,
61089,winslow,il,stephenson,
61025,east dubuque,il,jo daviess,
61087,warren,il,jo daviess,
